source,url,title,is_retrieval_problem,photo_type,intent,cues_remembered,cues_forgotten,query_tried,failure_stage,workaround,key_quote,summary,scraped_at
google_photos_community,https://support.google.com/photos/thread/434862129,Can’t Find Faces,False,unknown,unknown,,,,not_applicable,,,Insufficient information provided,2026-10-03T13:46:40.758Z
google_photos_community,https://support.google.com/photos/thread/17502895,PLACES and THINGS empty,False,unknown,unknown,,,,not_applicable,,,Insufficient information to determine a retrieval problem,2026-10-03T13:47:16.981Z
google_photos_community,https://support.google.com/photos/thread/272383406,Is Google Photos map view gone?,False,unknown,unknown,,,,not_applicable,,,No retrieval problem identified,2026-10-03T13:47:49.617Z
google_photos_community,https://support.google.com/photos/thread/339698626,My old photos missing,False,unknown,unknown,,,,not_applicable,,,No sufficient information provided,2026-10-03T13:48:23.334Z
google_photos_community,https://support.google.com/photos/thread/132985708,How can I copy text on images,False,unknown,unknown,,,,not_applicable,,,Not a photo retrieval request,2026-10-03T13:48:55.876Z
google_photos_community,https://support.google.com/photos/thread/121969251,The problem is that when I click search for almost anything (such as August2020) it says not found.,True,unknown,practical_info,,exact date format; search syntax,August2020,understanding,,when I click search for almost anything (such as August2020) it says not found.,Search returns no results despite known keywords,2026-10-03T13:49:29.079Z
google_photos_community,https://support.google.com/photos/thread/166960436,Find photos by searching text isn't working,False,unknown,unknown,,,,not_applicable,,,Insufficient information to determine the issue,2026-10-03T13:50:02.269Z
google_photos_community,https://support.google.com/photos/thread/129501,Google Photos search stopped recognizing words in captions - Google PhotosCommunity,False,unknown,unknown,,,,not_applicable,,,No retrieval problem identified,2026-10-03T13:50:35.556Z
google_photos_community,https://support.google.com/photos/thread/272006073,People and pets search not working,False,unknown,unknown,,,,not_applicable,,,Insufficient information,2026-10-03T13:51:08.197Z
google_photos_community,https://support.google.com/photos/thread/231765990,Can't search for photos prior to 2010,True,unknown,unknown,,,,expression,,Can't search for photos prior to 2010,User cannot locate photos taken before 2010,2026-10-03T13:51:41.134Z
google_photos_community,https://support.google.com/photos/thread/345133284,google photos search for specific things not working,False,unknown,unknown,,,,not_applicable,,,Insufficient information to assess,2026-10-03T14:12:21.399Z
google_photos_community,https://support.google.com/photos/thread/11921760,I do not know where to go to find my photos I seen them once now I can't findthem,True,unknown,unknown,,,,expression,,I do not know where to go to find my photos I seen them once now I can't findthem,User cannot locate previously seen photos,2026-10-03T14:12:52.192Z
google_photos_community,https://support.google.com/photos/thread/10777932,I need help retreiving photos from a certain date in 2015. For some reason only1 photo is available,True,unknown,unknown,certain date in 2015,exact date; specific photo details,,unknown,,I need help retreiving photos from a certain date in 2015. For some reason only1 photo is available,User cannot locate most photos from a specific 2015 date,2026-10-03T14:13:24.012Z
google_photos_community,https://support.google.com/photos/thread/90257222,"How do I find ""Rediscover this day"" and ""one year ago today"" photos? - GooglePhotos Community",False,unknown,unknown,,,,not_applicable,,,Insufficient information to determine the user's problem,2026-10-03T14:13:56.475Z
google_photos_community,https://support.google.com/photos/thread/104859854,Locate date photo taken,True,unknown,unknown,,,,unknown,,,,2026-10-03T14:14:28.035Z
google_photos_community,https://support.google.com/photos/thread/368298,how to search google photos by which device took the picture - Google PhotosCommunity,False,unknown,unknown,,,,not_applicable,,,Not a retrieval problem,2026-10-03T14:15:00.987Z
google_photos_community,https://support.google.com/photos/thread/97271754,How to find who photo was sent to or from?,False,unknown,unknown,,,,not_applicable,,,Insufficient information to assess,2026-10-03T14:15:33.077Z
google_photos_community,https://support.google.com/photos/thread/3478886,How do I find all photos prior to a particular date?,True,unknown,practical_info,,exact date,,expression,,How do I find all photos prior to a particular date?,User seeks method to locate photos before a specific date,2026-10-03T14:16:05.412Z
google_photos_community,https://support.google.com/photos/thread/253014,Trying to search a photo I scanned to find value,True,unknown,practical_info,,,,not_applicable,,Trying to search a photo I scanned to find value,User wants to locate a scanned photo to determine its value,2026-10-03T14:16:37.400Z
google_photos_community,https://support.google.com/photos/thread/45450416,Find photos uploaded by specific user to shared album?,False,unknown,unknown,,,,not_applicable,,,Not a retrieval problem,2026-10-03T14:17:09.930Z
google_photos_community,https://support.google.com/photos/thread/5601252,My niece has send me a picture of Michelle at the hospital on December 2014 Idon't seem to find it,True,unknown,unknown,picture of Michelle at the hospital on December 2014,exact date; exact location,,expression,,My niece has send me a picture of Michelle at the hospital on December 2014 Idon't seem to find it,User cannot locate a specific hospital photo from December 2014,2026-10-03T14:17:42.517Z
google_photos_community,https://support.google.com/photos/thread/402241473,How to find screen shot photo,True,screenshot,practical_info,,,,expression,,How to find screen shot photo,User seeks help locating a screenshot,2026-10-03T14:18:15.649Z
google_photos_community,https://support.google.com/photos/thread/153355203,How can I search for photos by text in the photo?,False,unknown,unknown,,,,not_applicable,,How can I search for photos by text in the photo?,User asks how to perform text search in Google Photos,2026-10-03T14:18:48.908Z
google_photos_community,https://support.google.com/photos/thread/113048585,Find old Screenshot in September 2020,True,screenshot,practical_info,Screenshot; September 2020,exact date; specific content,"search for ""Screenshot September 2020""",expression,,Find old Screenshot in September 2020,User seeks a September 2020 screenshot but lacks precise details,2026-10-03T14:19:20.958Z
google_photos_community,https://support.google.com/photos/thread/262569183,Help finding screenshots on new device (thought all was backed up when switchingto new device),True,screenshot,practical_info,,,,not_applicable,,,Insufficient information provided,2026-10-03T14:19:54.702Z
google_photos_community,https://support.google.com/photos/thread/339761382,I have some missing screenshot please recover,True,screenshot,practical_info,,,,expression,,I have some missing screenshot please recover,User cannot locate missing screenshot,2026-10-03T14:20:27.936Z
google_photos_community,https://support.google.com/photos/thread/301466833,Hey google i want to recover my old 5 7 months agoo deleted photos screenshotand more photos screen,False,unknown,unknown,,,,not_applicable,,Hey google i want to recover my old 5 7 months agoo deleted photos screenshotand more photos screen,User seeks to recover deleted photos from months ago,2026-10-03T14:20:59.083Z
google_photos_community,https://support.google.com/photos/thread/95753487,Is it possible to find post again that i took a screenshot of? - Google PhotosCommunity,False,unknown,unknown,,,,not_applicable,,,Insufficient information to determine problem,2026-10-03T14:21:30.789Z
google_photos_community,https://support.google.com/photos/thread/106011362,how to find screen shots of 1999,True,screenshot,nostalgia,screen shots of 1999,exact date; file names,,expression,,how to find screen shots of 1999,User wants to locate old screenshots from 1999,2026-10-03T14:22:03.779Z
google_photos_community,https://support.google.com/photos/thread/112733447,How can I find a specific screenshot of a bill but I don't know when I took thepicture.,True,screenshot,practical_info,screenshot of a bill,exact date,,expression,,How can I find a specific screenshot of a bill but I don't know when I took the picture.,User wants to locate a bill screenshot without knowing the date.,2026-10-03T14:22:35.623Z
google_photos_community,https://support.google.com/photos/thread/57527826,How do I find the photos used in my recent highlights?,False,unknown,unknown,,,,not_applicable,,,Insufficient information to assess,2026-10-03T14:23:08.084Z
google_photos_community,https://support.google.com/photos/thread/111566397,How to search for more photos for a specific person,True,unknown,practical_info,,,,expression,,How to search for more photos for a specific person,User seeks help locating photos of a particular person,2026-10-03T14:23:40.940Z
google_photos_community,https://support.google.com/photos/thread/309146796,I have been searching for a picture for a pic for a few years. - Google PhotosCommunity,True,unknown,unknown,,,,expression,,I have been searching for a picture for a pic for a few years.,User cannot express search terms for an old photo,2026-10-03T14:24:13.541Z
google_photos_community,https://support.google.com/photos/thread/124696022,How can I search for a photo with only two particular people - Google PhotosCommunity,False,unknown,unknown,,,,not_applicable,,,Insufficient information to determine problem,2026-10-03T14:24:45.829Z
google_photos_community,https://support.google.com/photos/thread/95339,"How do I search my images by using simple keywords that apply to my images. Suchas ""sports"" ""boy""",True,unknown,practical_info,,,,expression,,"How do I search my images by using simple keywords that apply to my images. Suchas ""sports"" ""boy""",User seeks simple keyword search for photos,2026-10-03T14:25:18.734Z
google_photos_community,https://support.google.com/photos/thread/88651366,Is there a reliable way to do a text search in a photo description? - GooglePhotos Community,False,unknown,unknown,,,,not_applicable,,,Insufficient information to assess,2026-10-03T14:25:50.144Z
google_photos_community,https://support.google.com/photos/thread/4486739,I am trying to find certain photos file name to upload to search bar - GooglePhotos Community,False,unknown,unknown,,,,not_applicable,,,Insufficient information to determine problem,2026-10-03T14:26:20.954Z
google_photos_community,https://support.google.com/photos/thread/115587351,Why can't I sort photos by name? It is impossible to find photos by date.,True,unknown,practical_info,find photos by date,sort by name,,understanding,,Why can't I sort photos by name? It is impossible to find photos by date.,User cannot sort photos by name to locate them by date,2026-10-03T14:26:54.353Z
google_photos_community,https://support.google.com/photos/thread/254129406,Is there a way to QUICKLY select a large number of images in a google photossearch result page,False,unknown,unknown,,,,not_applicable,,,No retrieval problem described,2026-10-03T14:27:26.412Z
google_photos_community,https://support.google.com/photos/thread/125435826,I want to find a photo of a new born baby and his sister greeting him when hecomes home,True,people_event,unknown,new born baby and his sister greeting him when he comes home,exact date; location,,unknown,,I want to find a photo of a new born baby and his sister greeting him when he comes home,User seeks a specific newborn family photo,2026-10-03T14:27:58.875Z
google_photos_community,https://support.google.com/photos/thread/408539531,How can I get photos from several yrs ago. Its only letting me see the last twoyrs,True,unknown,nostalgia,several years ago,exact date; specific event,default view only shows last two years,expression,,How can I get photos from several yrs ago. Its only letting me see the last twoyrs,User can't access photos older than two years,2026-10-03T14:28:32.800Z
google_photos_community,https://support.google.com/photos/thread/206052189,Can you search for photos just by their locations,False,unknown,unknown,,,,not_applicable,,,Insufficient information to determine problem,2026-10-03T14:29:05.234Z
google_photos_community,https://support.google.com/photos/thread/436067825,I cannot find pictures prior to a specific month in 2011 - Google PhotosCommunity,True,unknown,unknown,,,,expression,,,User cannot locate photos from before a specific month in 2011,2026-10-03T14:29:37.632Z
google_photos_community,https://support.google.com/photos/thread/348117640,Why can I not longer search Google photos by a specific date? - Google PhotosCommunity,False,unknown,unknown,,,,not_applicable,,,Insufficient information to assess,2026-10-03T14:30:10.097Z
google_photos_community,https://support.google.com/photos/thread/18475280,I'd like to search for photos by color or similar images - Google PhotosCommunity,False,unknown,unknown,,,,not_applicable,,,Post does not describe a specific photo retrieval issue,2026-10-03T14:30:42.218Z
google_photos_community,https://support.google.com/photos/thread/357476,I want to search by date across years,True,unknown,practical_info,,exact date; year range,search by date across years,expression,,I want to search by date across years,User seeks to locate photos by date across multiple years,2026-10-03T14:31:15.246Z
google_photos_community,https://support.google.com/photos/thread/232263870,photo search on description field does not work,False,unknown,unknown,,,,not_applicable,,,Insufficient information provided,2026-10-03T14:31:47.993Z
google_photos_community,https://support.google.com/photos/thread/138712907,How to find photo for today's memory 7 years ago,True,unknown,unknown,,,,unknown,,How to find photo for today's memory 7 years ago,User seeks a 7‑year‑old photo but provides no details,2026-10-03T14:32:20.428Z
google_photos_community,https://support.google.com/photos/thread/106429666,"Unable to use ""Screenshot"" as a search term?",True,other,practical_info,"word ""screenshot"" in the file name",,screenshot,understanding,,"I'm trying to find a way to search through my thousand of photos, and want to archive all the ones with the word ""screenshot"" in the file name",User can't limit search to filename keyword only,2026-10-04T16:10:24.229Z
google_photos_community,https://support.google.com/photos/thread/471259711,I'd like to find out if a video I've  been sent has been  edited  or started  and stopped,False,unknown,unknown,,,,not_applicable,,Need to find out if a video is got has been edited or if it was longer,User wants to know if a received video was edited or truncated,2026-10-04T16:11:43.053Z
google_photos_community,https://support.google.com/photos/thread/471279651,Partner shared photos not added to face groups.,False,unknown,unknown,,,,not_applicable,,The photos showing in my feed but those photos not showing in people and pets (face grouping).,Partner shared photos not appearing in face groups,2026-10-04T16:12:12.927Z
